method,sigma,minCl,minSpl,temporal_purity,silhouette_score,davies_bouldin_index,calinski_harabasz_index,intercluster_distance,intracluster_distance,intra_cluster_variance,transition_count,average_segment_length
CENDO_FM_HDBSCAN,4,300,1,0.7163641578941826,-0.06263177,3.5747179953430925,3073.330741090206,0.46381545,6.6617074,4.6175027,483,146.01652892561984
CENDO_FM_Random_Segmentation,4,300,1,1.0,-0.22576983,4.936973650405773,3340.9624056871794,0.1495872,6.9339967,5.679537,45,1536.3478260869565
